"DELIVERYPRICE","DEPARTURE","DISCOUNT","PRICE","QUANTITYSOLD","SELLER","STATE","TITLE"
"63,98 zł z dostawą","dostawa we wtorek","-21%","54,99 zł","229 osób kupiło","od Super Sprzedawcy","Marka Finish Liczba sztuk w opakowaniu 100 szt. Typ all in one (wszystko w jednym)","Finish Quantum Tabletki do Zmywarki 100 sztuk"
"12,69 zł z dostawą","dostawa we wtorek","nowość -40% hit","5,99 zł","hit1007 osób kupiło","od Super Sprzedawcy","","ALLNUTRITION F**KING DELICIOUS COOKIE DOUBLE CHOCO"
"12,69 zł z dostawą","dostawa we wtorek","nowość -40% hit","5,99 zł","hit968 osób kupiło","od Super Sprzedawcy","","ALLNUTRITION F**KING DELICIOUS COOKIE WHITE CHOCO"
"12,69 zł z dostawą","dostawa we wtorek","nowość -40% hit","5,99 zł","hit692 osoby kupiły","od Super Sprzedawcy","","ALLNUTRITION F**KING DELICIOUS COOKIE CHOCO CHIP"
"12,69 zł z dostawą","dostawa we wtorek","nowość -40% hit","5,99 zł","hit598 osób kupiło","od Super Sprzedawcy","","ALLNUTRITION F**KING DELICIOUS COOKIE CHOCO PEANUT"
"25,59 zł z dostawą","dostawa we wtorek","-43%","16,99 zł","52 osoby kupiły","od Super Sprzedawcy","","OLEJ DO SMAŻENIA W SPRAY COOKING DIETA ODCHUDZANIE"
"28,89 zł z dostawą","dostawa we wtorek","-15% hit","19,90 zł","hit24 osoby kupiły","od Super Sprzedawcy","Marka John Dog Typ królik Wiek zwierzęcia dla wszystkich psów","Przysmak pies rarytas premium królik 380g John Dog"
"147,99 zł z dostawą","dostawa we wtorek","-41% raty zero hit","139,00 zł","hit56 osób kupiło","od Super Sprzedawcy","Karmy specjalne dla psów z alergią Smak indyk Wiek zwierzęcia psy dorosłe Wielkość psa rasy średnie (10-25 kg) Waga produktu inna","PREMIUM WIEJSKA ZAGRODA INDYK z jagnięciną 9kg"
"68,98 zł z dostawą","","-45%","59,99 zł","142 osoby kupiły","od Super Sprzedawcy","Marka Coccolino Rodzaj kapsułki Zastosowanie uniwersalne Liczba sztuk w opakowaniu 80 szt.","Coccolino Care Kapsułki do prania Kolor 80szt 2xXL"
"54,20 zł z dostawą","","-4% hit","47,70 zł","hit350 osób kupiło","od Super Sprzedawcy","","OstroVit Peanut Butter x3 MASŁO ORZECHOWE CRUNCHY"
"84,89 zł z dostawą","","-54% hit","75,90 zł","hit138 osób kupiło","od Super Sprzedawcy","","Bubble Tea Mini Set KULKI SYROP KUBKI SŁOMKI KPL."
"124,89 zł z dostawą","","-49% hit","115,90 zł","hit102 osoby kupiły","od Super Sprzedawcy","","Bubble Tea Party Set KULKI SYROP KUBKI SŁOMKI KPL."
"21,69 zł z dostawą","dostawa we wtorek","-25% hit","14,99 zł","hit348 osób kupiło","od Super Sprzedawcy","","ALLNUTRITION SAUCE 300g BEZ CUKRU SOS ZERO"
"28,69 zł z dostawą","dostawa we wtorek","-26% hit","21,99 zł","hit573 osoby kupiły","od Super Sprzedawcy","","ALLNUTRITION ERYTRYTOL 1KG ERYTROL SŁODZIK"
"199,89 zł z dostawą","","-35% hit","190,90 zł","hit65 osób kupiło","od Super Sprzedawcy","","Zestaw Bubble Tea 4 x KULKI 2 x SYROP KUBKI SŁOMKI"
"17,69 zł z dostawą","dostawa we wtorek","-45% hit","10,99 zł","hit159 osób kupiło","od Super Sprzedawcy","","SFD KURCZAK W SOSIE MYŚLIWSKIM Z KASZĄ 300 g OBIAD"
"43,99 zł z dostawą","","-49% hit","35,00 zł","hit69 osób kupiło","od Super Sprzedawcy","Marka inna (Primavera) Rodzaj inne","OLEJ Rybny Z DOLINY WKRY 1L"
"46,98 zł z dostawą","","-45% hit","37,99 zł","hit1390 osób kupiło","od Super Sprzedawcy","Wiek zwierzęcia koty dorosłe Karmy specjalne nie dotyczy Waga produktu 100 g Liczba sztuk w zestawie inna liczba Rodzaj opakowania saszetka Smak mix smaków","WHISKAS Smaki Rybne i Tradycyjne 40x100g"
"17,69 zł z dostawą","dostawa we wtorek","-45% hit","10,99 zł","hit133 osoby kupiły","od Super Sprzedawcy","","SFD KURCZAK W SOSIE CURRY Z RYŻEM I WARZYWAMI 300g"
"17,69 zł z dostawą","dostawa we wtorek","-45% hit","10,99 zł","hit126 osób kupiło","od Super Sprzedawcy","","SFD KURCZAK W SOSIE SŁODKO KWAŚNYM Z RYŻEM 300 g"
"17,69 zł z dostawą","dostawa we wtorek","-45% hit","10,99 zł","hit110 osób kupiło","od Super Sprzedawcy","","SFD KURCZAK W SOSIE ŚRÓDZIEMNOMORSKIM Z KASZĄ 300g"
"66,99 zł z dostawą","dostawa we wtorek","-27%","58,00 zł","24 osoby kupiły","od Super Sprzedawcy","Marka Segafredo","Kawa ziarnista Segafredo Intermezzo 2 x 1kg"
"46,79 zł z dostawą","dostawa we wtorek","-10%","37,80 zł","10 osób kupiło","od Super Sprzedawcy","Marka inna (Java Coffee)","Kawa 100% Arabika ORGANICZNA Etiopia Java Coffee"
"19,69 zł z dostawą","dostawa we wtorek","nowość -13%","12,99 zł","110 osób kupiło","od Super Sprzedawcy","","ALLNUTRITION FITMEAL 420 g MEXICAN KURCZAK RYŻ"
"33,69 zł z dostawą","dostawa we wtorek","nowość -10%","26,99 zł","44 osoby kupiły","od Super Sprzedawcy","","ALLNUTRITION FRUTILOVE WHOLE FRUITS BANANY CHOCO"
"159,80 zł z dostawą","dostawa we wtorek","-37%","149,90 zł","266 osób kupiło","od Super Sprzedawcy","Marka Tchibo","Kawa Tchibo Barista Espresso 3kg + szklanki"
"77,99 zł z dostawą","kup do 12:00 - dostawa jutro","-52%","69,00 zł","519 osób kupiło","od Super Sprzedawcy","Marka NostroCafe","Kawa Ziarnista 2KG BRAZYLIA SANTOS - Świeżo Palona"
"36,69 zł z dostawą","dostawa we wtorek","nowość -25% hit","29,99 zł","hit411 osób kupiło","od Super Sprzedawcy","","ALLNUTRITION NUTLOVE 500 g KREM WHITE CHOCO PEANUT"
"23,40 zł z dostawą","","-15% hit","16,90 zł","hit764 osoby kupiły","od Super Sprzedawcy","","OstroVit Peanut Butter 1KG MASŁO ORZECHOWE SMOOTH"
"28,69 zł z dostawą","dostawa we wtorek","-26% hit","21,99 zł","hit2435 osób kupiło","od Super Sprzedawcy","","ALLNUTRITION ERYTRYTOL 1000G ERYTROL NATURALNE 1KG"
"61,69 zł z dostawą","dostawa we wtorek","-31% hit","54,99 zł","hit511 osób kupiło","od Super Sprzedawcy","Certyfikat brak","ALLNUTRITION NUTLOVE CRUNCH + COCO 500g KREM"
"36,69 zł z dostawą","dostawa we wtorek","-16% hit","29,99 zł","hit643 osoby kupiły","od Super Sprzedawcy","","ALLNUTRITION NUTLOVE 500 g KREM MLECZNO ORZECHOWY"
"36,69 zł z dostawą","dostawa we wtorek","-16% hit","29,99 zł","hit436 osób kupiło","od Super Sprzedawcy","","ALLNUTRITION NUTLOVE CRUNCH 500g KREM CZEKOLADOWY"
"36,69 zł z dostawą","dostawa we wtorek","-16% hit","29,99 zł","hit437 osób kupiło","od Super Sprzedawcy","","ALLNUTRITION NUTLOVE 500 g KREM CHOCO HAZELNUT"
"36,69 zł z dostawą","dostawa we wtorek","-16% hit","29,99 zł","hit420 osób kupiło","od Super Sprzedawcy","Certyfikat brak","ALLNUTRITION NUTLOVE CRUNCH 500 g KREM KOKOSOWY"
"60,89 zł z dostawą","dostawa we wtorek","-15%","54,99 zł","127 osób kupiło","od Super Sprzedawcy","","MATCHA PREMIUM - JAPOŃSKA - SHIZUOKA 100g"
"26,69 zł z dostawą","dostawa we wtorek","-20%","19,99 zł","525 osób kupiło","od Super Sprzedawcy","","SFD DZIKI ORZECH 1KG MASŁO ORZECHOWE BEZ CUKRU"
"36,69 zł z dostawą","dostawa we wtorek","-16% hit","29,99 zł","hit276 osób kupiło","od Super Sprzedawcy","","ALLNUTRITION NUTLOVE 500 g KREM CRISPY COOKIE"
"25,49 zł z dostawą","dostawa we wtorek","-37% hit","18,79 zł","hit295 osób kupiło","od Super Sprzedawcy","","SFD DZIKI ORZECH 1KG MASŁO ORZECHOWE BEZ CUKRU"
"28,98 zł z dostawą","dostawa we wtorek","-20%","19,99 zł","101 osób kupiło","od Super Sprzedawcy","","SOK JABŁKO BURAK TŁOCZONY PROZDROWOTNY NFC 5L"
"36,69 zł z dostawą","dostawa we wtorek","nowość -25%","29,99 zł","86 osób kupiło","od Super Sprzedawcy","","ALLNUTRITION NUTLOVE 500 g KREM WHITE CHOCO PEANUT"
"51,99 zł z dostawą","kup do 13:00 - dostawa jutro","-72%","43,00 zł","51 osób kupiło","od Super Sprzedawcy","Marka Nuno","Kawa ziarnista ŚWIEŻA 72h zestaw 3x200g ARABICA100"
"63,98 zł z dostawą","dostawa we wtorek","-21%","54,99 zł","229 osób kupiło","od Super Sprzedawcy","Marka Finish Liczba sztuk w opakowaniu 100 szt. Typ all in one (wszystko w jednym)","Finish Quantum Tabletki do Zmywarki 100 sztuk"
"19,69 zł z dostawą","dostawa we wtorek","nowość -13%","12,99 zł","113 osób kupiło","od Super Sprzedawcy","","ALLNUTRITION FITMEAL 420 g ASIAN KURCZAK Z RYŻEM"
"28,69 zł z dostawą","dostawa we wtorek","nowość -12%","21,99 zł","25 osób kupiło","od Super Sprzedawcy","","ALLNUTRITION FRUTILOVE WHOLE FRUITS RODZYNKI KAWA"
"68,98 zł z dostawą","","-45%","59,99 zł","142 osoby kupiły","od Super Sprzedawcy","Marka Coccolino Rodzaj kapsułki Zastosowanie uniwersalne Liczba sztuk w opakowaniu 80 szt.","Coccolino Care Kapsułki do prania Kolor 80szt 2xXL"
"33,69 zł z dostawą","dostawa we wtorek","nowość -10%","26,99 zł","29 osób kupiło","od Super Sprzedawcy","","ALLNUTRITION FRUTILOVE WHOLE FRUITS ŻURAWINA CHOCO"
"19,69 zł z dostawą","dostawa we wtorek","nowość -13%","12,99 zł","96 osób kupiło","od Super Sprzedawcy","","ALLNUTRITION FITMEAL 420 g TUSCAN MAKARON KURCZAK"
"28,69 zł z dostawą","dostawa we wtorek","nowość -12%","21,99 zł","21 osób kupiło","od Super Sprzedawcy","","ALLNUTRITION FRUTILOVE WHOLE FRUITS RODZYNKI"
"28,69 zł z dostawą","dostawa we wtorek","nowość -12%","21,99 zł","19 osób kupiło","od Super Sprzedawcy","","ALLNUTRITION FRUTILOVE WHOLE FRUITS DAKTYLE"
"19,69 zł z dostawą","dostawa we wtorek","nowość -13%","12,99 zł","87 osób kupiło","od Super Sprzedawcy","","ALLNUTRITION FITMEAL 420 g CURRY"
"19,69 zł z dostawą","dostawa we wtorek","nowość -13%","12,99 zł","70 osób kupiło","od Super Sprzedawcy","","ALLNUTRITION FITMEAL 420 g MUSTARD"
"60,99 zł z dostawą","kup do 14:00 - dostawa jutro","-50%","55,00 zł","21 osób kupiło","od Super Sprzedawcy","Smak dziczyzna Wiek zwierzęcia psy dorosłe Wielkość psa rasy małe (<10 kg) Waga produktu do 2 kg","Evoque dzik z jagnięciną dla wybrednego yorka 2kg"
"28,99 zł z dostawą","kup do 14:00 - dostawa jutro","-50%","20,00 zł","237 osób kupiło","od Super Sprzedawcy","Liczba sztuk w opakowaniu 8 szt.","Tassimo Hot Choco Salted Caramel, 8 sztuk"
"58,99 zł z dostawą","kup do 12:00 - dostawa jutro","-20%","50,00 zł","87 osób kupiło","","Stan Nowy","Zabezpieczenie i czyszczenie kabin prysznicowych"
"102,99 zł z dostawą","","-50%","84,99 zł","13 osób kupiło","","Liczba sztuk w zestawie 30 Rodzaj opakowania baton Smak kurczak Wiek zwierzęcia psy dorosłe Wielkość psa wszystkie rasy Waga produktu więcej niż 800 g do 1250 g","KARMA DLA PSA BATON PUSZKA 30x1KG"
"66,99 zł z dostawą","dostawa we wtorek","-27%","58,00 zł","24 osoby kupiły","od Super Sprzedawcy","Marka Segafredo","Kawa ziarnista Segafredo Intermezzo 2 x 1kg"
"41,89 zł z dostawą","dostawa we wtorek","-30%","32,90 zł","96 osób kupiło","od Super Sprzedawcy","Marka John Dog Typ inny Wiek zwierzęcia psy dorosłe","Gryzak naturalny poroże jelenia HARD M John Dog"
"77,99 zł z dostawą","","-50%","64,99 zł","4 osoby kupiły","","Smak kurczak Wiek zwierzęcia psy dorosłe Wielkość psa wszystkie rasy Waga produktu więcej niż 15 kg do 20 kg","SUCHA KARMA DLA PSA Z WOŁOWINĄ DROBIEM 20KG"
"283,99 zł z dostawą","","-15% raty zero","275,00 zł","","od Super Sprzedawcy","Smak indyk Wiek zwierzęcia psy dorosłe Wielkość psa wszystkie rasy Waga produktu więcej niż 15 kg do 20 kg","Wiejska Zagroda INDYK z jagnięciną 20 KG"
"68,98 zł z dostawą","","-50%","59,99 zł","6 osób kupiło","","Liczba sztuk w zestawie inna liczba Rodzaj opakowania baton Smak kurczak Wiek zwierzęcia psy dorosłe Wielkość psa wszystkie rasy Waga produktu więcej niż 800 g do 1250 g","KARMA DLA PSA BATON PUSZKA DOLINA NOTECI 15 X 1KG"
"46,79 zł z dostawą","dostawa we wtorek","-10%","37,80 zł","10 osób kupiło","od Super Sprzedawcy","Marka inna (Java Coffee)","Kawa 100% Arabika ORGANICZNA Etiopia Java Coffee"
"72,99 zł z dostawą","","-50%","59,99 zł","2 osoby kupiły","","Smak kurczak Wiek zwierzęcia psy dorosłe Wielkość psa wszystkie rasy Waga produktu więcej niż 15 kg do 20 kg","SUCHA KARMA DLA PSA DINGO Z WOŁOWINĄ DROBIEM 20KG"
"77,99 zł z dostawą","","-50%","64,99 zł","32 osoby kupiły","","Stan Nowy","KUWETA DLA PSA SZCZENIĄT PSÓW KOTA MATA NA KOJEC"
"darmowa dostawa","","-50%","94,99 zł","6 osób kupiło","","Karmy specjalne nie dotyczy Liczba sztuk w zestawie inna liczba Rodzaj opakowania puszka Smak wołowina Wiek zwierzęcia psy dorosłe Wielkość psa wszystkie rasy Waga produktu więcej niż 800 g do 1250 g","KARMA DLA PSA MOKRA Z MIĘSEM DROBIOWA PUSZKA"
"darmowa dostawa","","-50%","79,99 zł","3 osoby kupiły","","Karmy specjalne nie dotyczy Smak kurczak Wiek zwierzęcia szczenięta i młode psy Wielkość psa rasy średnie (10-25 kg) Waga produktu więcej niż 5 kg do 10 kg","NUTRILOVE JUNIOR S/M KURCZAK 8KG +MEGA GRATISY!"
"147,99 zł z dostawą","dostawa we wtorek","-20% raty zero","139,00 zł","2 osoby kupiły","od Super Sprzedawcy","Karmy specjalne dla psów z alergią Smak indyk Wiek zwierzęcia psy dorosłe Wielkość psa rasy średnie (10-25 kg) Waga produktu więcej niż 5 kg do 10 kg","Wiejska Zagroda indyk z jagnięciną 9kg PRIORYTET"
"107,99 zł z dostawą","","-50%","89,99 zł","3 osoby kupiły","","Liczba sztuk w zestawie 30 Rodzaj opakowania baton Smak kurczak Wiek zwierzęcia psy dorosłe Wielkość psa wszystkie rasy Waga produktu więcej niż 800 g do 1250 g","KARMA MOKRA DLA PSA BATON PUSZKA 30szt."
"159,80 zł z dostawą","dostawa we wtorek","-37%","149,90 zł","266 osób kupiło","od Super Sprzedawcy","Marka Tchibo","Kawa Tchibo Barista Espresso 3kg + szklanki"
"77,99 zł z dostawą","kup do 12:00 - dostawa jutro","-52%","69,00 zł","519 osób kupiło","od Super Sprzedawcy","Marka NostroCafe","Kawa Ziarnista 2KG BRAZYLIA SANTOS - Świeżo Palona"
"31,40 zł z dostawą","","nowość -28%","24,90 zł","35 osób kupiło","od Super Sprzedawcy","","OstroVit Olejek z oregano 30 ml NATURALNY OLEJ"
"60,89 zł z dostawą","dostawa we wtorek","-15%","54,99 zł","127 osób kupiło","od Super Sprzedawcy","","MATCHA PREMIUM - JAPOŃSKA - SHIZUOKA 100g"
"28,98 zł z dostawą","dostawa we wtorek","-20%","19,99 zł","101 osób kupiło","od Super Sprzedawcy","","SOK JABŁKO BURAK TŁOCZONY PROZDROWOTNY NFC 5L"
"51,99 zł z dostawą","kup do 13:00 - dostawa jutro","-72%","43,00 zł","51 osób kupiło","od Super Sprzedawcy","Marka Nuno","Kawa ziarnista ŚWIEŻA 72h zestaw 3x200g ARABICA100"
"63,98 zł z dostawą","dostawa we wtorek","-21%","54,99 zł","229 osób kupiło","od Super Sprzedawcy","Marka Finish Liczba sztuk w opakowaniu 100 szt. Typ all in one (wszystko w jednym)","Finish Quantum Tabletki do Zmywarki 100 sztuk"
"48,99 zł z dostawą","","-15%","40,00 zł","62 osoby kupiły","od Super Sprzedawcy","Stan Nowy Kształt prostokątne Rodzaj mata Rozmiar M Wielkość psa średni pies","LEGOWISKO MATA PODUSZKA MATERAC DLA PSA 100/80"
"63,98 zł z dostawą","","-50%","54,99 zł","16 osób kupiło","","Stan Nowy","TRANSPORTER KLATKA KOJEC DLA PSA KOTA MOCNY +KARMA"
"32,98 zł z dostawą","dostawa we wtorek","-25%","23,99 zł","3 osoby kupiły","od Super Sprzedawcy","Stan Nowy Marka Mi Bellumi Pojemność 100 ml Rodzaj patyczki Zapach dominujący jaśminowy","Dyfuzor zapachowy Japoński Jaśmin - zapach do domu"
"24,97 zł z dostawą","dostawa we wtorek","-25%","15,98 zł","5 osób kupiło","od Super Sprzedawcy","Stan Nowy Marka Mi Bellumi Pojemność 50 ml Rodzaj patyczki Zapach dominujący słodki owocowy","Dyfuzor Soczysta Wiśnia- zapach do domu -MiBellumi"
"142,99 zł z dostawą","","-50% raty zero","124,99 zł","1 osoba kupiła","","Liczba sztuk w zestawie inna liczba Rodzaj opakowania baton Smak kurczak Wiek zwierzęcia psy dorosłe Wielkość psa wszystkie rasy Waga produktu więcej niż 800 g do 1250 g","KARMA DLA PSA BATON PUSZKA DOLINA NOTECI 30 X 1KG"
"43,98 zł z dostawą","kup do 14:00 - dostawa jutro","-50%","35,99 zł","57 osób kupiło","od Super Sprzedawcy","Miody odmianowe lipowy","MIÓD LIPOWY 1KG - NAJSZLACHETNIEJSZY Z MIODÓW"
"68,98 zł z dostawą","","-45%","59,99 zł","142 osoby kupiły","od Super Sprzedawcy","Marka Coccolino Rodzaj kapsułki Zastosowanie uniwersalne Liczba sztuk w opakowaniu 80 szt.","Coccolino Care Kapsułki do prania Kolor 80szt 2xXL"
"54,99 zł z dostawą","","-50%","41,99 zł","10 osób kupiło","","Stan Nowy","KUWETA DLA PSA SZCZENIĄT PSÓW KOTA MATA NA KOJEC"
"darmowa dostawa","","SUPER CENA -23%","99,00 zł","2 osoby kupiły","","Stan Nowy Marka inna (Rodeno) Rodzaj balkonowa, na bieliznę, ogrodowa, wolnostojąca pionowa","SUSZARKA NA PRANIE BIELIZNĘ GRUBE PRĘTY DUŻA"
"92,99 zł z dostawą","","-50%","79,99 zł","1 osoba kupiła","","Liczba sztuk w zestawie 6 Rodzaj opakowania inny rodzaj Smak wołowina Wiek zwierzęcia psy dorosłe Wielkość psa wszystkie rasy","SUCHA +MOKRA KARMA DLA PSA Z WOŁOWINĄ DROBIEM"
"33,50 zł z dostawą","dostawa we wtorek","-20%","24,90 zł","44 osoby kupiły","od Super Sprzedawcy","","HERO.LAB OLEJ MCT 400ml KETOZA DIETA KETO TŁUSZCZ"
"98,98 zł z dostawą","","-50%","89,99 zł","17 osób kupiło","","Stan Nowy","TRANSPORTER KOJEC KLATKA DLA PSA KOTA + KARMA M"
"57,00 zł z dostawą","kup do 12:00 - dostawa we wtorek","SUPER CENA -15%","49,00 zł","260 osób kupiło","","Stan Nowy Marka inna (-) Rodzaj teleskopowa, z długą rączką, z krótką rączką","SZCZOTKA MIOTEŁKA DO KURZU TELESKOPOWA DŁUGA 280cm"
"28,69 zł z dostawą","","-50%","21,99 zł","29 osób kupiło","","Stan Nowy Rodzaj woreczki na odchody","WORECZKI WORKI TORBY NA PSIE ODCHODY KUPY 360SZT"
"26,69 zł z dostawą","","-50%","19,99 zł","417 osób kupiło","","","KARMA DLA GRYZONI KRÓLIKA CHOMIKA ŚWINKI KAWII 5L"
"20,89 zł z dostawą","dostawa we wtorek","-15%","11,90 zł","76 osób kupiło","od Super Sprzedawcy","","OPŁATEK NA TORT Kraina Lodu FROZEN Elza Anna 20cm"
"12,39 zł z dostawą","","-30%","4,39 zł","92 osoby kupiły","od Super Sprzedawcy","","Naturalna do kuchni! SÓL HIMALAJSKA 1000g Drobna"
"41,69 zł z dostawą","","-50%","34,99 zł","3 osoby kupiły","","Stan Nowy","TRANSPORTER KOJEC DLA PSA KOTA KRÓLIKA + KARMA!"
"51,69 zł z dostawą","","-50%","44,99 zł","33 osoby kupiły","","Stan Nowy","AKWARIUM ZESTAW AKWARIOWY DLA RYB BOJOWNIKA 3L"
"33,99 zł z dostawą","dostawa jutro","-15%","25,00 zł","2 osoby kupiły","","Stan Nowy","PROBIOfresh naturalny płyn do czyszczenia 500ml"
"51,69 zł z dostawą","","-50%","44,99 zł","208 osób kupiło","","Wiek zwierzęcia koty dorosłe Karmy specjalne nie dotyczy Waga produktu więcej niż 5 kg do 10 kg Smak kurczak","SUCHA KARMA DLA KOTA DROBIOWA Z KURCZAKIEM 10KG"
"33,99 zł z dostawą","dostawa we wtorek","-50%","25,00 zł","15 osób kupiło","","","Miod z Maliną - Miód Kremowany z Malinami 0,4kg"
"66,99 zł z dostawą","dostawa we wtorek","-27%","58,00 zł","24 osoby kupiły","od Super Sprzedawcy","Marka Segafredo","Kawa ziarnista Segafredo Intermezzo 2 x 1kg"
"28,98 zł z dostawą","","-50%","19,99 zł","206 osób kupiło","","","KARMA DLA GRYZONI KRÓLIKA CHOMIKA ŚWINKI KAWII 5KG"
"321,99 zł z dostawą","dostawa we wtorek","-20% raty zero","314,00 zł","5 osób kupiło","od Super Sprzedawcy","Marka Biovico Postać inna","Antinol Sizarol Pies 120 kapsułek NA STAWY PSÓW"
"darmowa dostawa","","-1%","120,00 zł","3 osoby kupiły","","Stan Nowy Marka inna marka (CkeyiN)","Elektryczna szczoteczka do oczyszczania twarzy"
"177,99 zł z dostawą","kup do 12:30 - dostawa jutro","nowość -43%","169,00 zł","1 osoba kupiła","od Super Sprzedawcy","Stan Nowy Marka inna marka (RED Beauty)","PEELING KAWITACYJNY sonoforeza wodoodporny 24KHz"
"38,98 zł z dostawą","dostawa we wtorek","nowość -69% hit","29,99 zł","hit59 osób kupiło","","Stan Nowy Marka inna marka (Exotic)","MARKER PISAK DO OCZU MAKIJAŻ KOCIE OKO EYELINER"
"34,98 zł z dostawą","kup do 16:00 - dostawa jutro","-40% hit","25,99 zł","hit125 osób kupiło","od Super Sprzedawcy","Stan Nowy Marka inna marka (Nagaraku by ProjectLashes)","Rzęsy NAGARAKU Premium Mink C 0,07 MIX 16 pasków"
"30,40 zł z dostawą","dostawa we wtorek","-20% hit","21,41 zł","hit112 osób kupiło","od Super Sprzedawcy","Stan Nowy Marka Seboradin Kolor włosów do każdego koloru włosów Typ włosów do każdego typu włosów Działanie przeciw wypadaniu włosów Pojemność opakowania 200 ml Opakowanie butelka Wielkość Produkt pełnowymiarowy","SZAMPON PRZECIW WYPADANIU WŁOSÓW SEBORADIN FORTE L"
"31,69 zł z dostawą","dostawa we wtorek","-7% hit","24,99 zł","hit244 osoby kupiły","od Super Sprzedawcy","Stan Nowy Marka Apis Rodzaj na dzień Typ skóry Sucha Działanie Nawilżające Konsystencja krem Wielkość Produkt pełnowymiarowy Pojemność 100 ml Opakowanie butelka z pompką","APIS LEKKI Nawilżający Krem Kwas Hialuronowy ARBUZ"
"29,38 zł z dostawą","dostawa we wtorek","SUPER CENA -20% hit","20,39 zł","hit83 osoby kupiły","od Super Sprzedawcy","Marka Seboradin Rodzaj wcierka","LOTION PRZECIW WYPADANIU WŁOSOW SEBORADIN FORTE L"
"30,40 zł z dostawą","dostawa we wtorek","SUPER CENA -20% hit","21,41 zł","hit73 osoby kupiły","od Super Sprzedawcy","Stan Nowy Marka Seboradin Kolor włosów do każdego koloru włosów Typ włosów do każdego typu włosów Działanie przeciw wypadaniu włosów Pojemność opakowania 200 ml Opakowanie butelka Wielkość Produkt pełnowymiarowy","SZAMPON PRZECIW WYPADANIU WŁOSÓW SEBORADIN MEN L"
"121,68 zł z dostawą","","-6% raty zero hit","114,98 zł","hit71 osób kupiło","od Super Sprzedawcy","Stan Nowy Marka Apis","APIS ZESTAW KWAS MIGDAŁOWY 40% neutralizator żel"
"darmowa dostawa","dostawa we wtorek","-25%","79,00 zł","8 osób kupiło","od Super Sprzedawcy","Stan Nowy Marka Snailmed Typ skóry Do wszystkich typów skóry Działanie Przeciw przebarwieniom Opakowanie tubka Wielkość Produkt pełnowymiarowy Pojemność 10 ml","Maść trądzik blizny przebarwienia BEZKONKURENCYJNA"
"29,38 zł z dostawą","dostawa we wtorek","SUPER CENA -20% hit","20,39 zł","hit50 osób kupiło","od Super Sprzedawcy","Stan Nowy Marka Seboradin Typ włosów osłabione Działanie przeciw wypadaniu włosów Kolor włosów do każdego koloru włosów Typ bez spłukiwania Pojemność opakowania 200 ml Opakowanie atomizer Wielkość Produkt pełnowymiarowy","LOTION PRZECIW WYPADANIU WŁOSÓW SEBORADIN MEN L"
"28,98 zł z dostawą","dostawa we wtorek","-20% hit","19,99 zł","hit43 osoby kupiły","od Super Sprzedawcy","Stan Nowy Marka Seboradin Kolor włosów do każdego koloru włosów Typ włosów do każdego typu włosów Działanie oczyszczanie Opakowanie butelka Wielkość Produkt pełnowymiarowy","SEBORADIN MED SZAMPON PRZECIW WSZOM I GNIDOM"
"33,90 zł z dostawą","dostawa we wtorek","-15% hit","27,20 zł","hit172 osoby kupiły","od Super Sprzedawcy","Stan Nowy Marka Apis Rodzaj Tonik Typ skóry Tłusta Działanie Antybakteryjne, Matujące, Odświeżające Wielkość Produkt pełnowymiarowy Pojemność 300 ml Opakowanie butelka z pompką","APIS Tonik Antybakteryjny z Zieloną Herbatą 300ml"
"87,89 zł z dostawą","dostawa we wtorek","-27% hit","78,90 zł","hit39 osób kupiło","od Super Sprzedawcy","Stan Nowy Marka inna marka (SkinClear) Typ skóry Do wszystkich typów skóry Działanie Nawilżające Opakowanie butelka z pompką Wielkość Produkt pełnowymiarowy","PROFESJONALNY KWAS HIALURONOWY 4% 200ml WYPEŁNIACZ"
"38,98 zł z dostawą","kup do 16:00 - dostawa jutro","SUPER CENA -70% hit","29,99 zł","hit250 osób kupiło","od Super Sprzedawcy","Stan Nowy Marka ProjectLashes","100szt ŻELOWE PŁATKI POD OCZY DO RZĘS Różowe ALOES"
"16,98 zł z dostawą","kup do 16:00 - dostawa jutro","-80% hit","7,99 zł","hit415 osób kupiło","od Super Sprzedawcy","Stan Nowy Marka ProjectLashes","SZCZOTECZKA SPIRALKA DO RZĘS 50SZT ProjectLashes"
"25,89 zł z dostawą","dostawa we wtorek","-30%","16,90 zł","7 osób kupiło","od Super Sprzedawcy","Stan Nowy Marka Molly Lac Kolor Biel, Czerń, Odcienie brązu i beżu, Odcienie czerwieni i różu, Odcienie fioletu, Odcienie niebieskiego, Odcienie pomarańczowego, Odcienie szarości i srebra, Odcienie zieleni, Odcienie żółtego i złota, Zestawy, Inny kolor Rodzaj lakier kolorowy","Lakier hybrydowy do paznokci Mollylac 5ml KOLORY"
"48,99 zł z dostawą","dostawa we wtorek","SUPER CENA -49% hit","40,00 zł","hit108 osób kupiło","","Stan Nowy","LOKÓWKA DO WŁOSÓW KRĘCENIA LOKÓW CERAMICZNA"
"13,18 zł z dostawą","","-40% hit","4,19 zł","hit199 osób kupiło","od Super Sprzedawcy","Stan Nowy Marka ItalWax","WOSK W ROLCE do depilacji 100ml ItalWax MIODOWY"
"16,69 zł z dostawą","","-29% hit","7,70 zł","hit330 osób kupiło","od Super Sprzedawcy","Stan Nowy Marka ItalWax","PASKI DO DEPILACJI ItalWax 100szt grube WOSK"
"38,98 zł z dostawą","kup do 16:00 - dostawa jutro","-70% hit","29,99 zł","hit138 osób kupiło","od Super Sprzedawcy","Stan Nowy Marka ProjectLashes","100szt PŁATKI POD OCZY, Aloes DO PRZEDŁUŻANIA RZĘS"
"31,17 zł z dostawą","dostawa dzisiaj do 7 miast","-72%","24,49 zł","110 osób kupiło","","Stan Nowy Marka inna marka (in) Kolor dominujący różowy Zasilanie bateryjne, sieciowe Kierunek obrotu obustronny Moment obrotowy 5.71 Nm","FREZARKA DO PAZNOKCI MANICURE PEDICURE + FREZY"
"30,40 zł z dostawą","dostawa we wtorek","SUPER CENA -15% hit","21,41 zł","hit80 osób kupiło","od Super Sprzedawcy","Stan Nowy Marka Seboradin Kolor włosów do każdego koloru włosów Typ włosów do każdego typu włosów Działanie przeciwłupieżowe Pojemność opakowania 200 ml Opakowanie butelka Wielkość Produkt pełnowymiarowy","SZAMPON PRZECIWŁUPIEŻOWY OCZYSZCZAJĄCY SEBORADIN"
"darmowa dostawa","dostawa we wtorek","-17% raty zero hit","246,55 zł","hit19 osób kupiło","od Super Sprzedawcy","Stan Nowy","Suszarka szczotka do włosów REVLON PRO COLLECTION"
"38,98 zł z dostawą","kup do 16:00 - dostawa jutro","-70% hit","29,99 zł","hit32 osoby kupiły","od Super Sprzedawcy","Stan Nowy Marka ProjectLashes","100szt PŁATKI POD OCZY, Aloes DO PRZEDŁUŻANIA RZĘS"
"29,38 zł z dostawą","dostawa we wtorek","SUPER CENA -15% hit","20,39 zł","hit52 osoby kupiły","od Super Sprzedawcy","Stan Nowy Marka Seboradin Typ włosów przetłuszczające się Działanie regulacja sebum Kolor włosów do każdego koloru włosów Typ bez spłukiwania Pojemność opakowania 200 ml Opakowanie atomizer Wielkość Produkt pełnowymiarowy","LOTION PRZECIW WYPADANIU WŁOSÓW SEBORADIN NIGER L"
"178,98 zł z dostawą","dostawa jutro","nowość -48% raty zero","169,99 zł","2 osoby kupiły","od Super Sprzedawcy","Stan Nowy Marka inna marka (Red Beauty)","Peeling kawitacyjny 24kHz sonoforeza wodoodporny"
"38,99 zł z dostawą","","-40%","29,00 zł","","od Super Sprzedawcy","Stan Nowy","FREZY DIAMENTOWE frezarka FREZ zestaw 10szt silver"
"257,99 zł z dostawą","kup do 12:00 - dostawa jutro","-50% raty zero hit","249,00 zł","hit46 osób kupiło","od Super Sprzedawcy","Stan Nowy Marka Beauty Limited","5w1 Peeling kawitacyjny BEAUTY LIMITED Sonoforeza"
"337,99 zł z dostawą","kup do 12:00 - dostawa jutro","-34% raty zero hit","329,00 zł","hit53 osoby kupiły","od Super Sprzedawcy","Stan Nowy Marka Beauty Limited","6w1 Peeling Kawitacyjny Beauty Limited 10W"
"127,99 zł z dostawą","kup do 12:00 - dostawa jutro","-40% raty zero hit","119,00 zł","hit118 osób kupiło","od Super Sprzedawcy","Stan Nowy Marka Beauty Limited","3x Derma roller CIAŁO TWARZ OCZY Dermaroller 3w1"
"127,99 zł z dostawą","kup do 12:00 - dostawa jutro","-52% raty zero hit","119,00 zł","hit52 osoby kupiły","od Super Sprzedawcy","Stan Nowy Marka Beauty Limited","Peeling Kawitacyjny + SONOFOREZA Beauty Limited"
"darmowa dostawa","dostawa jutro","-57% raty zero","169,00 zł","685 osób kupiło","","Stan Nowy Marka Herz Medical Instruments","Peeling Kawitacyjny 5w1 Herz Medical Bezprzewodowy"
"207,99 zł z dostawą","kup do 12:00 - dostawa jutro","-58% raty zero hit","199,00 zł","hit13 osób kupiło","od Super Sprzedawcy","Stan Nowy Marka Beauty Limited","3w1 Peeling kawitacyjny Beauty Limited 7W"
"60,99 zł z dostawą","kup do 16:00 - dostawa jutro","-65% hit","52,00 zł","hit405 osób kupiło","od Super Sprzedawcy","Stan Nowy Marka inna marka (Iconsign)","Zestaw XXL lifting laminacja trwała rzęs ICONSIGN"
"38,98 zł z dostawą","kup do 16:00 - dostawa jutro","-70% hit","29,99 zł","hit339 osób kupiło","od Super Sprzedawcy","Stan Nowy Marka ProjectLashes","100szt PŁATKI POD OCZY DO PRZEDŁUŻANIA RZĘS FIOLET"
"38,98 zł z dostawą","kup do 16:00 - dostawa jutro","-70% hit","29,99 zł","hit140 osób kupiło","od Super Sprzedawcy","Stan Nowy Marka ProjectLashes","100szt PŁATKI POD OCZY, Aloes DO PRZEDŁUŻANIA RZĘS"
"207,99 zł z dostawą","kup do 12:00 - dostawa jutro","-58% raty zero hit","199,00 zł","hit13 osób kupiło","od Super Sprzedawcy","Stan Nowy Marka Beauty Limited","3w1 Peeling kawitacyjny Beauty Limited 7W"
"267,99 zł z dostawą","kup do 12:00 - dostawa jutro","-48% raty zero hit","259,00 zł","hit52 osoby kupiły","od Super Sprzedawcy","Stan Nowy","Prostownica Podczerwień Jonizacja BEAUTY LIMITED"
"157,99 zł z dostawą","kup do 12:00 - dostawa jutro","-62% raty zero hit","149,00 zł","hit40 osób kupiło","od Super Sprzedawcy","Stan Nowy","SZCZOTKO - SUSZARKA DO WŁOSÓW 1000W JONIZACJA ETUI"
"darmowa dostawa","","-1%","120,00 zł","3 osoby kupiły","","Stan Nowy Marka inna marka (CkeyiN)","Elektryczna szczoteczka do oczyszczania twarzy"
"177,99 zł z dostawą","kup do 12:30 - dostawa jutro","nowość -43%","169,00 zł","1 osoba kupiła","od Super Sprzedawcy","Stan Nowy Marka inna marka (RED Beauty)","PEELING KAWITACYJNY sonoforeza wodoodporny 24KHz"
"16,98 zł z dostawą","kup do 16:00 - dostawa jutro","-80% hit","7,99 zł","hit338 osób kupiło","od Super Sprzedawcy","Stan Nowy Marka ProjectLashes","APLIKATORY WELUROWE DO RZĘS! KOLOR I CZARNE 50SZT"
"178,98 zł z dostawą","dostawa jutro","nowość -48% raty zero","169,99 zł","2 osoby kupiły","od Super Sprzedawcy","Stan Nowy Marka inna marka (Red Beauty)","Peeling kawitacyjny 24kHz sonoforeza wodoodporny"
"darmowa dostawa","dostawa we wtorek","-25%","79,00 zł","8 osób kupiło","od Super Sprzedawcy","Stan Nowy Marka Snailmed Typ skóry Do wszystkich typów skóry Działanie Przeciw przebarwieniom Opakowanie tubka Wielkość Produkt pełnowymiarowy Pojemność 10 ml","Maść trądzik blizny przebarwienia BEZKONKURENCYJNA"
"177,99 zł z dostawą","kup do 12:30 - dostawa jutro","SUPER CENA -43% raty zero","169,00 zł","3 osoby kupiły","od Super Sprzedawcy","Stan Nowy Marka inna marka (RED Beauty)","PEELING KAWITACYJNY sonoforeza wodoodporny 24KHz"
"177,99 zł z dostawą","kup do 12:00 - dostawa jutro","nowość -43% raty zero","169,00 zł","","od Super Sprzedawcy","Stan Nowy Marka inna marka (Red Beauty)","Peeling kawitacyjny 24kHz sonoforeza wodoodporny"
"25,89 zł z dostawą","dostawa we wtorek","-30%","16,90 zł","7 osób kupiło","od Super Sprzedawcy","Stan Nowy Marka Molly Lac Kolor Biel, Czerń, Odcienie brązu i beżu, Odcienie czerwieni i różu, Odcienie fioletu, Odcienie niebieskiego, Odcienie pomarańczowego, Odcienie szarości i srebra, Odcienie zieleni, Odcienie żółtego i złota, Zestawy, Inny kolor Rodzaj lakier kolorowy","Lakier hybrydowy do paznokci Mollylac 5ml KOLORY"
"178,98 zł z dostawą","dostawa jutro","nowość -43% raty zero","169,99 zł","","od Super Sprzedawcy","Stan Nowy Marka inna marka (Red Beauty)","Peeling kawitacyjny 24kHz sonoforeza wodoodporny"
"31,17 zł z dostawą","dostawa dzisiaj do 7 miast","-72%","24,49 zł","110 osób kupiło","","Stan Nowy Marka inna marka (in) Kolor dominujący różowy Zasilanie bateryjne, sieciowe Kierunek obrotu obustronny Moment obrotowy 5.71 Nm","FREZARKA DO PAZNOKCI MANICURE PEDICURE + FREZY"
"178,98 zł z dostawą","dostawa jutro","nowość -48% raty zero","169,99 zł","2 osoby kupiły","od Super Sprzedawcy","Stan Nowy Marka inna marka (Red Beauty)","Peeling kawitacyjny 24kHz sonoforeza wodoodporny"
"38,99 zł z dostawą","","-40%","29,00 zł","","od Super Sprzedawcy","Stan Nowy","FREZY DIAMENTOWE frezarka FREZ zestaw 10szt silver"
"darmowa dostawa","dostawa jutro","-57% raty zero","169,00 zł","685 osób kupiło","","Stan Nowy Marka Herz Medical Instruments","Peeling Kawitacyjny 5w1 Herz Medical Bezprzewodowy"
"207,99 zł z dostawą","kup do 12:00 - dostawa jutro","-58% raty zero hit","199,00 zł","hit13 osób kupiło","od Super Sprzedawcy","Stan Nowy Marka Beauty Limited","3w1 Peeling kawitacyjny Beauty Limited 7W"
"307,99 zł z dostawą","kup do 12:00 - dostawa jutro","-50% raty zero hit","299,00 zł","hit27 osób kupiło","od Super Sprzedawcy","Stan Nowy Marka Beauty Limited Kolor dominujący biały Zasilanie sieciowe Kierunek obrotu obustronny Moment obrotowy 35000 Nm","Frezarka Manicure Pedicure Hybrydy Żele 65W MOCNA"
"darmowa dostawa","","-1%","120,00 zł","3 osoby kupiły","","Stan Nowy Marka inna marka (CkeyiN)","Elektryczna szczoteczka do oczyszczania twarzy"
"177,99 zł z dostawą","kup do 12:30 - dostawa jutro","nowość -43%","169,00 zł","1 osoba kupiła","od Super Sprzedawcy","Stan Nowy Marka inna marka (RED Beauty)","PEELING KAWITACYJNY sonoforeza wodoodporny 24KHz"
"48,99 zł z dostawą","dostawa we wtorek","nowość -59%","40,00 zł","23 osoby kupiły","","Stan Nowy Marka Flawless Brows","TRYMER DEPILATOR DLA KOBIET DO BRWI TWARZY GOLARKA"
"darmowa dostawa","dostawa we wtorek","-25%","79,00 zł","8 osób kupiło","od Super Sprzedawcy","Stan Nowy Marka Snailmed Typ skóry Do wszystkich typów skóry Działanie Przeciw przebarwieniom Opakowanie tubka Wielkość Produkt pełnowymiarowy Pojemność 10 ml","Maść trądzik blizny przebarwienia BEZKONKURENCYJNA"
"32,70 zł z dostawą","dostawa we wtorek","-30%","26,00 zł","","","Stan Nowy Marka Apis Pojemność opakowania 300 ml","APIS Sensual Girl perfumowany krem do rąk 300ml"
"66,70 zł z dostawą","dostawa we wtorek","-15%","60,00 zł","18 osób kupiło","od Super Sprzedawcy","Stan Nowy Marka Apis","APIS kwas glikolowy 50% blizny zmarszczki plamy"
"30,40 zł z dostawą","","-15%","24,90 zł","7 osób kupiło","","Stan Nowy Marka Biocosmetics Rodzaj inny Typ skóry Do wszystkich typów skóry Działanie Wielozadaniowy Wielkość Produkt pełnowymiarowy","KWAS MIGDAŁOWY + KOJOWY + SERUM, NA LATO - 7ML 40%"
"25,89 zł z dostawą","dostawa we wtorek","-30%","16,90 zł","7 osób kupiło","od Super Sprzedawcy","Stan Nowy Marka Molly Lac Kolor Biel, Czerń, Odcienie brązu i beżu, Odcienie czerwieni i różu, Odcienie fioletu, Odcienie niebieskiego, Odcienie pomarańczowego, Odcienie szarości i srebra, Odcienie zieleni, Odcienie żółtego i złota, Zestawy, Inny kolor Rodzaj lakier kolorowy","Lakier hybrydowy do paznokci Mollylac 5ml KOLORY"
"103,98 zł z dostawą","dostawa we wtorek","-20%","94,99 zł","26 osób kupiło","od Super Sprzedawcy","Stan Nowy Marka inna marka (MyM)","Kartridże 10 szt. Dermapen Mezoterapia Mikroigłowa"
"darmowa dostawa","kup do 12:00 - dostawa jutro","-40% raty zero","199,00 zł","6 osób kupiło","","Stan Nowy Marka Love & Desire Pojemność opakowania 100 ml","LOVE DESIRE PREMIUM GOLD PERFUMY FEROMONY MĘSKIE"
"9,69 zł z dostawą","","-30%","2,99 zł","123 osoby kupiły","od Super Sprzedawcy","Marka inna marka Rodzaj kostka","Szare mydło naturalne 72% Hipoalergiczne 200g"
"50,98 zł z dostawą","dostawa we wtorek","-15%","41,99 zł","19 osób kupiło","od Super Sprzedawcy","Marka Seboradin Rodzaj ampułka","AMPUŁKI PRZECIW WYPADANIU WŁOSÓW SEBORADIN NIGER L"
"31,17 zł z dostawą","dostawa dzisiaj do 7 miast","-72%","24,49 zł","110 osób kupiło","","Stan Nowy Marka inna marka (in) Kolor dominujący różowy Zasilanie bateryjne, sieciowe Kierunek obrotu obustronny Moment obrotowy 5.71 Nm","FREZARKA DO PAZNOKCI MANICURE PEDICURE + FREZY"
"32,98 zł z dostawą","dostawa we wtorek","-20%","23,99 zł","7 osób kupiło","od Super Sprzedawcy","Marka Seboradin Rodzaj ampułka","AMPUŁKI PRZECIW WYPADANIU WŁOSÓW SEBORADIN NIGER M"
"50,98 zł z dostawą","dostawa we wtorek","-15%","41,99 zł","22 osoby kupiły","od Super Sprzedawcy","Marka Seboradin Rodzaj ampułka","AMPUŁKI PRZECIW WYPADANIU WŁOSÓW SEBORADIN MEN"
"darmowa dostawa","","-15%","29,99 zł","1 osoba kupiła","od Super Sprzedawcy","Stan Nowy Marka Flawless Brows","Elektryczny trymer do brwi Epilator"
"23,87 zł z dostawą","dostawa we wtorek","-50%","14,88 zł","12 osób kupiło","od Super Sprzedawcy","Stan Nowy Marka inna marka (Salon Service)","Paski termiczne do koloryzacji 250 szt. mechess"
"darmowa dostawa","","-90%","35,99 zł","71 osób kupiło","od Super Sprzedawcy","Stan Nowy Marka NEONAIL Kolor Inny kolor Rodzaj 3w1/jednofazowy Właściwości do zdobień","NEONAIL SIMPLE ONE STEP HYBRID 3w1 Wybierz Kolor"
"178,98 zł z dostawą","dostawa jutro","nowość -48% raty zero","169,99 zł","2 osoby kupiły","od Super Sprzedawcy","Stan Nowy Marka inna marka (Red Beauty)","Peeling kawitacyjny 24kHz sonoforeza wodoodporny"
"38,99 zł z dostawą","","-40%","29,00 zł","","od Super Sprzedawcy","Stan Nowy","FREZY DIAMENTOWE frezarka FREZ zestaw 10szt silver"
"darmowa dostawa","dostawa jutro","-57% raty zero","169,00 zł","685 osób kupiło","","Stan Nowy Marka Herz Medical Instruments","Peeling Kawitacyjny 5w1 Herz Medical Bezprzewodowy"
"46,99 zł z dostawą","dostawa we wtorek","-60% hit","40,00 zł","hit185 osób kupiło","","Stan Nowy","DEGAŻÓWKI DO CIENIOWANIA + NOŻYCZKI FRYZJERSKIE"
"307,99 zł z dostawą","kup do 11:45 - dostawa jutro","-15% raty zero","299,00 zł","1 osoba kupiła","od Super Sprzedawcy","Stan Nowy Marka inna marka (Biocera)","Mgiełka wodorowa, dyfuzor Biocera Mist"
"207,99 zł z dostawą","kup do 12:00 - dostawa jutro","-58% raty zero hit","199,00 zł","hit13 osób kupiło","od Super Sprzedawcy","Stan Nowy Marka Beauty Limited","3w1 Peeling kawitacyjny Beauty Limited 7W"
"darmowa dostawa","","-1%","120,00 zł","3 osoby kupiły","","Stan Nowy Marka inna marka (CkeyiN)","Elektryczna szczoteczka do oczyszczania twarzy"
"177,99 zł z dostawą","kup do 12:30 - dostawa jutro","nowość -43%","169,00 zł","1 osoba kupiła","od Super Sprzedawcy","Stan Nowy Marka inna marka (RED Beauty)","PEELING KAWITACYJNY sonoforeza wodoodporny 24KHz"
"darmowa dostawa","kup do 13:00 - dostawa jutro","-40% raty zero","189,00 zł","1 osoba kupiła","","Marka inna marka Rodzaj inny","BREASTFAST TABLETKI NA POWIĘKSZENIE PIERSI BIUSTU"
"darmowa dostawa","kup do 13:00 - dostawa jutro","-30% raty zero","159,00 zł","2 osoby kupiły","","Stan Nowy Marka inna marka (Cellinea) Rodzaj inny Wielkość Produkt pełnowymiarowy Opakowanie inny","CELLINEA ZWALCZA CELLULIT WYGŁADZA I UJĘDRNIA 100%"
"37,98 zł z dostawą","dostawa we wtorek","-30%","28,99 zł","4 osoby kupiły","","Stan Nowy Marka Skin79 Rodzaj żel Wielkość Produkt pełnowymiarowy Opakowanie słoiczek","Aloes Skin79 Jeju Aloe Aqua Soothing Gel 300g"
"48,99 zł z dostawą","","-50%","39,00 zł","8 osób kupiło","","Stan Nowy Marka Semilac Kolor Bezbarwny, Biel, Odcienie brązu i beżu, Odcienie czerwieni i różu, Odcienie szarości i srebra, Odcienie zieleni, Odcienie żółtego i złota, Inny kolor Rodzaj baza Właściwości budujące","budująca hybryda SEMILAC EXTEND 5w1 baza kolor top"
"darmowa dostawa","dostawa we wtorek","-25%","79,00 zł","8 osób kupiło","od Super Sprzedawcy","Stan Nowy Marka Snailmed Typ skóry Do wszystkich typów skóry Działanie Przeciw przebarwieniom Opakowanie tubka Wielkość Produkt pełnowymiarowy Pojemność 10 ml","Maść trądzik blizny przebarwienia BEZKONKURENCYJNA"
"45,98 zł z dostawą","","-50%","35,99 zł","25 osób kupiło","","Stan Nowy Marka inna marka (inna) Materiał papierowy Typ półksiężyc (łódka) Rodzaj pilnik","zestaw 50x Pilniki do paznokci ŁÓDKA ZEBRA 180/240"
"19,98 zł z dostawą","","-50%","9,99 zł","14 osób kupiło","","Stan Nowy Marka inna marka (inna) Materiał papierowy Typ inny Rodzaj pilnik","10x PILNIK do paznokci ŁÓDKA ZEBRA 180/240"
"16,49 zł z dostawą","","-50%","6,50 zł","4 osoby kupiły","","Stan Nowy Marka inna marka (inna) Materiał papierowy Typ inny Rodzaj pilnik","10x PILNIK do paznokci BANAN ZEBRA 100/180"
"25,89 zł z dostawą","dostawa we wtorek","-30%","16,90 zł","7 osób kupiło","od Super Sprzedawcy","Stan Nowy Marka Molly Lac Kolor Biel, Czerń, Odcienie brązu i beżu, Odcienie czerwieni i różu, Odcienie fioletu, Odcienie niebieskiego, Odcienie pomarańczowego, Odcienie szarości i srebra, Odcienie zieleni, Odcienie żółtego i złota, Zestawy, Inny kolor Rodzaj lakier kolorowy","Lakier hybrydowy do paznokci Mollylac 5ml KOLORY"
"16,98 zł z dostawą","","SUPER CENA -79%","7,99 zł","592 osoby kupiły","","Stan Nowy Marka Neness Pojemność opakowania 33 ml","Perfumy Damskie Neness SI 33ml nr 16"
"137,99 zł z dostawą","dostawa we wtorek","-67% raty zero","129,00 zł","59 osób kupiło","","Stan Nowy Marka Carolina Herrera Pojemność opakowania 80 ml","Carolina Herrera Good Girl 80 ml"
"137,99 zł z dostawą","dostawa we wtorek","-67% raty zero","129,00 zł","65 osób kupiło","","Stan Nowy Marka Lancôme Pojemność opakowania 75 ml","Lancôme La Vie Est Belle 75 ml"
"25,89 zł z dostawą","dostawa we wtorek","-30%","16,90 zł","7 osób kupiło","od Super Sprzedawcy","Stan Nowy Marka Molly Lac Kolor Biel, Czerń, Odcienie brązu i beżu, Odcienie czerwieni i różu, Odcienie fioletu, Odcienie niebieskiego, Odcienie pomarańczowego, Odcienie szarości i srebra, Odcienie zieleni, Odcienie żółtego i złota, Zestawy, Inny kolor Rodzaj lakier kolorowy","Lakier hybrydowy do paznokci Mollylac 5ml KOLORY"
"137,99 zł z dostawą","dostawa we wtorek","-67% raty zero","129,00 zł","73 osoby kupiły","","Stan Nowy Marka Giorgio Armani Pojemność opakowania 100 ml","Giorgio Armani Si 100 ml"
"137,99 zł z dostawą","dostawa we wtorek","-65% raty zero","129,00 zł","29 osób kupiło","","Stan Nowy Marka Yves Saint Laurent Pojemność opakowania 90 ml","Yves Saint Laurent Black Opium 90 ml"
"117,98 zł z dostawą","dostawa we wtorek","-65% raty zero","109,99 zł","189 osób kupiło","od Super Sprzedawcy","Stan Nowy Marka Calvin Klein Pojemność opakowania 100 ml","Calvin Klein Eternity 100 ml EDP"
"79,36 zł z dostawą","dostawa we wtorek","SUPER CENA -52%","71,37 zł","70 osób kupiło","od Super Sprzedawcy","Stan Nowy Marka Bruno Banani Pojemność opakowania 40 ml","Bruno Banani Woman Intense 40 ml EDP"
"56,60 zł z dostawą","dostawa we wtorek","-73%","48,00 zł","60 osób kupiło","","Stan Nowy Marka inna marka (LUCA BOSSI) Pojemność opakowania 100 ml","Perfumy damskie HOGO BOOS The Scent for Her 100 ml"
"137,99 zł z dostawą","dostawa we wtorek","-50% raty zero","129,00 zł","35 osób kupiło","","Stan Nowy Marka Versace Pojemność opakowania 90 ml","Versace Bright Crystal 90 ml"
"61,89 zł z dostawą","","-47%","54,99 zł","2 osoby kupiły","od Super Sprzedawcy","Okładka twarda Rok wydania 2017","Kochaj Regina Brett - w Zestawie z Torbą i Kubkiem"
"darmowa dostawa","","-50%","19,90 zł","33 osoby kupiły","","Okładka miękka Rok wydania 2020","Kurs Amazon FBA - Dla przedsiębiorców - książka"
"22,70 zł z dostawą","","-50%","16,00 zł","54 osoby kupiły","","Tematyka ludzie","FOTOKALENDARZ A3 13 stron foto KALENDARZ na 2021"
"80,99 zł z dostawą","kup do 12:00 - dostawa jutro","-46%","74,99 zł","10 osób kupiło","od Super Sprzedawcy","Stan Nowy","Poker DUŻY PROFESJONALNY ZESTAW do gry pokera MATA"
"58,98 zł z dostawą","","-57%","49,99 zł","68 osób kupiło","","Stan Nowy","SZACHY DREWNIANE WE WKŁADCE NA PREZENT TURNIEJOWE"
"38,98 zł z dostawą","","-66%","29,99 zł","107 osób kupiło","","Stan Nowy","SZACHY DREWNIANE TURNIEJOWE WARCABY"
"28,98 zł z dostawą","dostawa jutro","SUPER CENA -60%","19,99 zł","67 osób kupiło","od Super Sprzedawcy","Stan Nowy","Kot Simona Wielki bałagan - gra rodzinna imprezowa"
"30,98 zł z dostawą","dostawa we wtorek","-7%","23,99 zł","19 osób kupiło","","Stan Nowy","Erotyczna gra Rozkoszna wojna"
"28,98 zł z dostawą","dostawa jutro","SUPER CENA -60%","19,99 zł","42 osoby kupiły","od Super Sprzedawcy","Stan Nowy","Kot Simona Latający obiad - gra rodzinna imprezowa"
"14,89 zł z dostawą","dostawa we wtorek","-62%","5,90 zł","65 osób kupiło","","Stan Nowy","DOMINO DREWNIANE Klocki GRA RODZINNA + pudełko"
"28,98 zł z dostawą","dostawa jutro","-60%","19,99 zł","45 osób kupiło","od Super Sprzedawcy","Stan Nowy","Kot Simona Pora karmienia - gra rodzinna imprezowa"
"258,99 zł z dostawą","kup do 14:00 - dostawa jutro","-10%","250,00 zł","9 osób kupiło","od Super Sprzedawcy","Stan Nowy Rodzaj koncertowe Marka inna (Segovia)","Ukulele koncertowe Segovia. Lepszy model +dodatki"
"","","-49%","49,90 zł","33 osoby kupiły","od Super Sprzedawcy","Stan Nowy Wersja gry cyfrowa Rodzaj wydania Podstawa Wersja językowa Polska","MINECRAFT 4K - POLSKA WERSJA - NOWA - XBOX ONE"
"98,98 zł z dostawą","dostawa jutro","-10%","89,99 zł","219 osób kupiło","od Super Sprzedawcy","Stan Nowy Typ Podstawa Czas rozgrywki Do 1 godziny Wiek gracza 18+ Minimalna liczba graczy 2 Maksymalna liczba graczy Więcej niż 6","MDR, GIERKI MAŁŻEŃSKIE – towarzyska gra planszowa"
"23,49 zł z dostawą","kup do 12:00 - dostawa jutro","-65%","14,50 zł","27 osób kupiło","od Super Sprzedawcy","Stan Nowy","Tradycyjne szachy drewniane turystyczne gra biwak"
"247,99 zł z dostawą","dostawa we wtorek","-40% raty zero","239,00 zł","74 osoby kupiły","od Super Sprzedawcy","Stan Nowy","Zestaw do Pokera 500 Żetonów Texas Mocny + Walizka"
"18,98 zł z dostawą","","-74%","9,99 zł","149 osób kupiło","","Stan Nowy","DOMINO DREWNIANE KLOCKI GRA RODZINNA + PUDEŁKO"
"167,98 zł z dostawą","dostawa we wtorek","-40% raty zero","159,99 zł","15 osób kupiło","od Super Sprzedawcy","Stan Nowy Wersja gry pudełkowa Granice wiekowe (PEGI) 18 Wersja językowa Polska Tryb gry singleplayer Minimalna liczba graczy 1 Maksymalna liczba graczy 1","Cyberpunk 2077 PS4"
"76,20 zł z dostawą","","-22%","69,50 zł","153 osoby kupiły","od Super Sprzedawcy","Stan Nowy Typ Podstawa","GRA PICTIONARY AIR KALAMBURY rysuj w powietrzu"
"10,67 zł z dostawą","dostawa dzisiaj do 7 miast","-86%","3,99 zł","232 osoby kupiły","","Stan Nowy","KARTY DO GRY W POKERA TALIA 54 POWLEKANA PLASTIK"
"","","-50%","39,90 zł","1076 osób kupiło","od Super Sprzedawcy","Stan Nowy Wersja gry cyfrowa System operacyjny Windows Granice wiekowe (PEGI) 3 Wersja językowa Polska, Angielska, Niemiecka, Hiszpańska, Włoska, Japońska Tryb gry singleplayer, multiplayer Minimalna liczba graczy 1 Maksymalna liczba graczy Więcej niż 6","MINECRAFT PREMIUM WINDOWS 10 - GRA PC - NOWA - PL"
"97,99 zł z dostawą","dostawa we wtorek","-44%","89,00 zł","17 osób kupiło","","Stan Nowy Wersja językowa Inna Tryb gry singleplayer, multiplayer Minimalna liczba graczy 1 Maksymalna liczba graczy 2","GRA TELEWIZYJNA KONSOLA TV PEGASUS PEGAZUS GRY"
"56,48 zł z dostawą","kup do 12:00 - dostawa jutro","-20%","47,99 zł","5 osób kupiło","od Super Sprzedawcy","Okładka inna (pudełko) Rok wydania 2017 Język hiszpański Przeznaczenie do szkoły podstawowej, do gimnazjum, do liceum, dla dorosłych Zestaw książka + inne","ZESTAW FISZKI - Kurs HISZPAŃSKI dla podróżników"
"14,67 zł z dostawą","dostawa dzisiaj do 7 miast","-80%","7,99 zł","112 osób kupiło","","Stan Nowy","KARTY DO GRY W POKERA 2 TALIE POWLEKANE PLASTIK"
"178,98 zł z dostawą","","-14% raty zero","169,99 zł","20 osób kupiło","od Super Sprzedawcy","Stan Nowy","ZESTAW DO POKERA 500 ŻETONY NOMINAŁ KARTY MATA WAW"
"19,98 zł z dostawą","","-71%","10,99 zł","41 osób kupiło","","Stan Nowy","SZACHY TURNIEJOWE WARCABY KLASYCZNE 2w1 NA MAGNES"
"","","-50% raty zero","100,00 zł","17 osób kupiło","od Super Sprzedawcy","Stan Nowy Wersja gry cyfrowa Wersja językowa Polska","KONT FORTNITE BLACK KNIGHT SKULL IKONIK MINY MAKO"
"","","-18%","55,90 zł","106 osób kupiło","od Super Sprzedawcy","Stan Nowy Wersja gry cyfrowa System operacyjny Windows Granice wiekowe (PEGI) 18 Wersja językowa Polska, Angielska Rodzaj wydania Podstawa Tryb gry singleplayer Minimalna liczba graczy 1","GRAND THEFT AUTO V + GTA 5 ONLINE Klucz ROCKSTAR"
"168,48 zł z dostawą","dostawa we wtorek","-25%","163,99 zł","","od Super Sprzedawcy","Stan Nowy Rodzaj sopranowe Marka inna (Esteban)","Esteban Lili BK + Struny + Pokrowiec + Akordy"
"38,98 zł z dostawą","dostawa jutro","SUPER CENA -40%","29,99 zł","36 osób kupiło","od Super Sprzedawcy","Stan Nowy Typ Podstawa Czas rozgrywki Do 1 godziny Wiek gracza 15-18 lat, 18+ Minimalna liczba graczy 3 Maksymalna liczba graczy 5","Blok Ekipa Szacun na rejonie! - gra towarzyska"
"79,99 zł z dostawą","dostawa jutro","-20%","71,00 zł","39 osób kupiło","od Super Sprzedawcy","Stan Nowy Typ Podstawa Wiek gracza 8-11 lat, 12-14 lat, 15-18 lat, 18+ Minimalna liczba graczy 2 Maksymalna liczba graczy Więcej niż 6","MATTEL Gra Pictionary Air GPL54 kalambury"
"138,89 zł z dostawą","dostawa we wtorek","-43% raty zero","129,90 zł","4 osoby kupiły","od Super Sprzedawcy","Stan Nowy Typ Podstawa Czas rozgrywki Do 1 godziny Wiek gracza 15-18 lat Minimalna liczba graczy 2 Maksymalna liczba graczy Więcej niż 6","GRA Wykrywacz Kłamstw Wersja Polska E4641 HASBRO"
"","","-60%","27,90 zł","183 osoby kupiły","od Super Sprzedawcy","Stan Nowy Wersja gry cyfrowa System operacyjny Windows, macOS Granice wiekowe (PEGI) 12 Wersja językowa Polska, Angielska Rodzaj wydania Podstawa Tryb gry singleplayer Minimalna liczba graczy 1 Maksymalna liczba graczy 1","THE SIMS 4 PODSTAWA Klucz Origin"
"80,99 zł z dostawą","kup do 12:00 - dostawa jutro","-46%","74,99 zł","10 osób kupiło","od Super Sprzedawcy","Stan Nowy","Poker DUŻY PROFESJONALNY ZESTAW do gry pokera MATA"
"52,99 zł z dostawą","dostawa we wtorek","nowość -20%","44,00 zł","4 osoby kupiły","od Super Sprzedawcy","Okładka miękka Rok wydania 2021","Życiodajna woda wodorowa"
"","","-75%","8,99 zł","159 osób kupiło","od Super Sprzedawcy","Wersja cyfrowa Długość subskrypcji inna","Xbox Live Gold 7 dni + Game Pass Ultimate XBOX ONE"
"","","-60%","59,77 zł","48 osób kupiło","od Super Sprzedawcy","Stan Nowy Wersja gry cyfrowa Wersja językowa Polska","Kinect Sports Rivals XBOX ONE KEY + BONUS"
"28,98 zł z dostawą","dostawa jutro","-33%","19,99 zł","10 osób kupiło","od Super Sprzedawcy","Stan Nowy","Dupa Biskupa - towarzyska gra karciana, A. Mleczko"
"61,89 zł z dostawą","","-47%","54,99 zł","2 osoby kupiły","od Super Sprzedawcy","Okładka twarda Rok wydania 2017","Kochaj Regina Brett - w Zestawie z Torbą i Kubkiem"
"darmowa dostawa","","-50%","19,90 zł","33 osoby kupiły","","Okładka miękka Rok wydania 2020","Kurs Amazon FBA - Dla przedsiębiorców - książka"
"23,98 zł z dostawą","","-61%","14,99 zł","55 osób kupiło","","Stan Nowy","KARTY DO GRY W POKERA 2 X TALIE PLASTIK COUTED"
"33,29 zł z dostawą","dostawa we wtorek","-33%","26,59 zł","281 osób kupiło","od Super Sprzedawcy","Okładka miękka Rok wydania 2021","Czuła przewodniczka. Kobieca droga do siebie"
"","","-46%","34,99 zł","31 osób kupiło","od Super Sprzedawcy","Stan Nowy Wersja gry cyfrowa Wersja językowa Polska Rodzaj wydania Podstawa","THE SIMS 4 PC KLUCZ ORIGIN - POLSKA WERSJA"
"","","-16%","99,90 zł","17 osób kupiło","od Super Sprzedawcy","Stan Nowy Wersja gry cyfrowa System operacyjny Windows Granice wiekowe (PEGI) 18 Wersja językowa Polska, Angielska Rodzaj wydania Podstawa, Dodatek (DLC) Tryb gry singleplayer, multiplayer, massive online multiplayer Minimalna liczba graczy 1 Maksymalna liczba graczy Więcej niż 6","GTA 5 + GTA V ONLINE +10 000 000$ PC KLUCZ"
"48,90 zł z dostawą","dostawa dzisiaj do 7 miast","-55%","40,00 zł","1 osoba kupiła","","Stan Nowy","GRA NA IMPREZE MINI BOKSER GRA RODZINNA"
"26,98 zł z dostawą","","-9%","17,99 zł","96 osób kupiło","","Rok wydania 2019","Kajko i Kokosz Szkoła latania Christa Lektura"
"80,99 zł z dostawą","kup do 12:00 - dostawa jutro","-46%","74,99 zł","10 osób kupiło","od Super Sprzedawcy","Stan Nowy","Poker DUŻY PROFESJONALNY ZESTAW do gry pokera MATA"
"127,49 zł z dostawą","kup do 12:00 - dostawa jutro","-35% raty zero","119,00 zł","69 osób kupiło","od Super Sprzedawcy","Okładka pudełko Rok wydania 2013 Język angielski Przeznaczenie do szkoły podstawowej, do gimnazjum, do liceum, dla dorosłych Zestaw książka + inne","ZESTAW FISZKI - Kurs ANGIELSKI dla początkujących"
"27,99 zł z dostawą","","-32%","19,00 zł","96 osób kupiło","od Super Sprzedawcy","Rodzaj zbiór zadań, testów Okładka twarda Rok wydania 2019","Wielka Księga Główkowania MAC Edukacja"
"22,49 zł z dostawą","kup do 12:00 - dostawa jutro","-61%","15,50 zł","18 osób kupiło","od Super Sprzedawcy","Okładka miękka Rok wydania 2020 Przedział wiekowy dla dzieci z klas I-III (6-9 lat), dla dzieci z klas IV-VI (10-12 lat)","Kolorowanka dla dorosłych mandala 32 RYS antystres"
"34,90 zł z dostawą","dostawa we wtorek","-12%","26,90 zł","27 osób kupiło","od Super Sprzedawcy","Okładka miękka Rok wydania 2018 Przedział wiekowy dla przedszkolaków (3-5 lat), dla dzieci z klas I-III (6-9 lat)","Pakiet: Nauka pisania 5 książeczek z ćwiczeniami"
"darmowa dostawa","dostawa dzisiaj do Warszawy","-27%","64,99 zł","104 osoby kupiły","od Super Sprzedawcy","Okładka twarda Rok wydania 2020","Jadłonomia box Marta Dymek"
"23,89 zł z dostawą","kup do 12:00 - dostawa jutro","-57%","14,90 zł","7 osób kupiło","od Super Sprzedawcy","Okładka brak informacji Rok wydania 2020 Przedział wiekowy dla przedszkolaków (3-5 lat), dla dzieci z klas I-III (6-9 lat), dla dzieci z klas IV-VI (10-12 lat)","Kolorowanka dla dorosłych mandala 12 RYS KREDEK"
"29,69 zł z dostawą","dostawa we wtorek","-42%","22,99 zł","47 osób kupiło","od Super Sprzedawcy","Okładka miękka ze skrzydełkami Rok wydania 2018","POMYSŁ NA PREZENT: Sztuka obsługi penisa"
"27,49 zł z dostawą","kup do 12:00 - dostawa jutro","-52%","19,00 zł","95 osób kupiło","od Super Sprzedawcy","Okładka pudełko Rok wydania 2014 Język angielski Przeznaczenie dla przedszkolaków, do szkoły podstawowej Zestaw książka + inne","ZESTAW 4 GRY edukacyjne + FISZKI - Kurs ANGIELSKI"
"38,48 zł z dostawą","kup do 12:00 - dostawa jutro","-14%","29,99 zł","67 osób kupiło","od Super Sprzedawcy","Okładka pudełko Rok wydania 2013 Język angielski Przeznaczenie do szkoły podstawowej, do gimnazjum, do liceum, dla dorosłych Zestaw książka + inne","FISZKI - angielski - Konwersacje (A2-B2)"
"81,99 zł z dostawą","kup do 13:00 - dostawa we wtorek","-26%","73,99 zł","15 osób kupiło","od Super Sprzedawcy","Okładka brak informacji Rok wydania 2017","MEGA PAKIET 3-LATKA OKAZJA NAUKA ZABAWA ĆWICZENIA"
"128,48 zł z dostawą","kup do 12:00 - dostawa jutro","-33% raty zero","119,99 zł","47 osób kupiło","od Super Sprzedawcy","Okładka pudełko Rok wydania 2017 Język angielski Przeznaczenie do szkoły podstawowej, do gimnazjum, do liceum, dla dorosłych Zestaw książka + inne","ZESTAW FISZKI - ANGIELSKI dla śr. zaawansowanych"
"53,99 zł z dostawą","kup do 13:00 - dostawa we wtorek","-23%","45,99 zł","17 osób kupiło","od Super Sprzedawcy","Okładka miękka Rok wydania 2019","MEGA PAKIET 5-LATKA OKAZJA NAUKA ZABAWA ĆWICZENIA"
"63,20 zł z dostawą","dostawa we wtorek","-20%","55,20 zł","11 osób kupiło","od Super Sprzedawcy","Okładka brak informacji Rok wydania 2017","MEGA PAKIET 3 LATKA nauka zabawa naklejanie"
"128,48 zł z dostawą","kup do 12:00 - dostawa jutro","-35% raty zero","119,99 zł","39 osób kupiło","od Super Sprzedawcy","Okładka pudełko Rok wydania 2017 Język niemiecki Przeznaczenie do szkoły podstawowej, do gimnazjum, do liceum, dla dorosłych Zestaw książka + inne","ZESTAW FISZKI - Kurs NIEMIECKI dla początkujących"
"258,99 zł z dostawą","kup do 14:00 - dostawa jutro","-10%","250,00 zł","9 osób kupiło","od Super Sprzedawcy","Stan Nowy Rodzaj koncertowe Marka inna (Segovia)","Ukulele koncertowe Segovia. Lepszy model +dodatki"
"66,70 zł z dostawą","kup do 15:00 - dostawa jutro","-40%","58,70 zł","12 osób kupiło","od Super Sprzedawcy","Okładka miękka Rok wydania 2019","Bajeczno edukacyjny PAKIET dla 3 latka MUST HAVE"
"268,48 zł z dostawą","kup do 12:00 - dostawa jutro","-27% raty zero","259,99 zł","25 osób kupiło","od Super Sprzedawcy","Okładka pudełko Rok wydania 2017 Język angielski Przeznaczenie do szkoły podstawowej, do gimnazjum, do liceum, dla dorosłych Zestaw książka + inne","ZESTAW FISZKI - Kurs ANGIELSKI XXL (A1-C2)"
"50,90 zł z dostawą","dostawa we wtorek","-20%","42,90 zł","13 osób kupiło","od Super Sprzedawcy","Okładka miękka Rok wydania 2020 Przedział wiekowy dla dzieci z klas I-III (6-9 lat), dla dzieci z klas IV-VI (10-12 lat)","PAKIET nauka czytania METODA SYLABOWA ELEMENTARZ"
"43,48 zł z dostawą","kup do 12:00 - dostawa jutro","-12%","34,99 zł","47 osób kupiło","od Super Sprzedawcy","Okładka pudełko Rok wydania 2018 Język angielski Przeznaczenie do szkoły podstawowej, do gimnazjum, do liceum, dla dorosłych Zestaw książka + inne","FISZKI - angielski - Kolokacje (A1-B2)"
"32,99 zł z dostawą","dostawa we wtorek","-34%","26,29 zł","25 osób kupiło","od Super Sprzedawcy","Okładka miękka ze skrzydełkami Rok wydania 2021","Niewidzialni - Tomasz Awłasewicz"
"68,48 zł z dostawą","kup do 12:00 - dostawa jutro","-50%","59,99 zł","17 osób kupiło","od Super Sprzedawcy","Format mp3 Język angielski","ZESTAW AUDIOBOOK - Kurs ANGIELSKI - 6 CD (A1-C2)"
"53,29 zł z dostawą","","-6%","46,99 zł","9 osób kupiło","od Super Sprzedawcy","Rodzaj inne Okładka twarda Rok wydania 2021 Przedział wiekowy dla najmłodszych (0-2 lata), dla przedszkolaków (3-5 lat), dla dzieci z klas I-III (6-9 lat), dla dzieci z klas IV-VI (10-12 lat)","Książeczka PERSONALIZOWANA na urodziny BAJECZKA"
"29,98 zł z dostawą","","-17%","20,99 zł","21 osób kupiło","od Super Sprzedawcy","Okładka inna Rok wydania 2002","LOGICO PICCOLO Tabliczka Ramka Czytanie Pisanie"
"56,48 zł z dostawą","kup do 12:00 - dostawa jutro","-20%","47,99 zł","5 osób kupiło","od Super Sprzedawcy","Okładka inna (pudełko) Rok wydania 2017 Język hiszpański Przeznaczenie do szkoły podstawowej, do gimnazjum, do liceum, dla dorosłych Zestaw książka + inne","ZESTAW FISZKI - Kurs HISZPAŃSKI dla podróżników"
"33,19 zł z dostawą","dostawa we wtorek","-41%","26,49 zł","16 osób kupiło","od Super Sprzedawcy","Okładka miękka ze skrzydełkami Rok wydania 2020","Prezes i Spółki. Imperium Jarosława Kaczyńskiego"
"66,71 zł z dostawą","dostawa we wtorek","-40%","58,71 zł","11 osób kupiło","od Super Sprzedawcy","Okładka miękka Rok wydania 2019","Bajeczno edukacyjny PAKIET dla 3 latka MUST HAVE"
"66,71 zł z dostawą","","-40%","58,71 zł","3 osoby kupiły","od Super Sprzedawcy","Okładka miękka Rok wydania 2019","Bajeczno edukacyjny PAKIET dla 3 latka MUST HAVE"
"darmowa dostawa","dostawa dzisiaj do Warszawy","SUPER CENA -35%","28,86 zł","17 osób kupiło","od Super Sprzedawcy","Okładka twarda Rok wydania 2019","Starość aksolotla Jacek Dukaj"
"18,49 zł z dostawą","","SUPER CENA -44%","9,50 zł","8 osób kupiło","","Okładka miękka Rok wydania 2020","Zaginione arabskie księżniczki Marcin Margielewski"
"48,24 zł z dostawą","","-35%","40,24 zł","3 osoby kupiły","od Super Sprzedawcy","Okładka miękka Rok wydania 2019 Przedział wiekowy dla najmłodszych (0-2 lata), dla przedszkolaków (3-5 lat), dla dzieci z klas I-III (6-9 lat), dla dzieci z klas IV-VI (10-12 lat)","Bajeczno edukacyjny PAKIET dla 4 latka MUST HAVE"
"128,48 zł z dostawą","kup do 12:00 - dostawa jutro","-33% raty zero","119,99 zł","19 osób kupiło","od Super Sprzedawcy","Okładka pudełko Rok wydania 2017 Język angielski Przeznaczenie do szkoły podstawowej, do gimnazjum, do liceum, dla dorosłych Zestaw książka + inne","ZESTAW FISZKI - ANGIELSKI dla zaawansowanych"
"82,99 zł z dostawą","kup do 13:00 - dostawa we wtorek","-10%","74,99 zł","6 osób kupiło","od Super Sprzedawcy","Okładka miękka Rok wydania 2019","MEGA PAKIET 2-LATKA OKAZJA NAUKA ZABAWA ĆWICZENIA"
"167,99 zł z dostawą","dostawa we wtorek","-10% raty zero","159,99 zł","3 osoby kupiły","od Super Sprzedawcy","Okładka twarda Rok wydania 2019","PAKIET MAŁE KOBIETKI MALI MĘŻCZYŹNI CHŁOPCY ŻONY"
"168,48 zł z dostawą","dostawa we wtorek","-25%","163,99 zł","","od Super Sprzedawcy","Stan Nowy Rodzaj sopranowe Marka inna (Esteban)","Esteban Lili BK + Struny + Pokrowiec + Akordy"
"26,48 zł z dostawą","","-37%","17,49 zł","7 osób kupiło","od Super Sprzedawcy","Okładka twarda Rok wydania 2018","Wielka Księga Zabaw - Bawię Się i Uczę wyd. MAC"
"48,48 zł z dostawą","kup do 12:00 - dostawa jutro","-20%","39,99 zł","22 osoby kupiły","od Super Sprzedawcy","Okładka pudełko Rok wydania 2014 Język angielski Przeznaczenie do szkoły podstawowej, do gimnazjum, do liceum, dla dorosłych Zestaw książka + inne","FISZKI - angielski - Gramatyka (A1-A2)"
"31,30 zł z dostawą","dostawa we wtorek","-50%","23,30 zł","5 osób kupiło","od Super Sprzedawcy","Okładka twarda Rok wydania 2020 Przedział wiekowy dla dzieci z klas I-III (6-9 lat)","abc PAKIET DO NAUKI LITER DLA DZIECI 4+"
"43,48 zł z dostawą","kup do 12:00 - dostawa jutro","-12%","34,99 zł","35 osób kupiło","od Super Sprzedawcy","Okładka pudełko Rok wydania 2018 Język angielski Przeznaczenie do szkoły podstawowej, do gimnazjum, do liceum, dla dorosłych Zestaw książka + inne","FISZKI - angielski - Idiomy (B1-C2)"
"33,48 zł z dostawą","kup do 12:00 - dostawa jutro","-16%","24,99 zł","30 osób kupiło","od Super Sprzedawcy","Okładka pudełko Rok wydania 2013 Język angielski Przeznaczenie do szkoły podstawowej, do gimnazjum, do liceum, dla dorosłych Zestaw książka + inne","FISZKI - angielski - Starter (pre-A1)"
"","","-57%","39,99 zł","98 osób kupiło","od Super Sprzedawcy","Stan Nowy Wersja gry cyfrowa Wersja językowa Polska","THE SIMS 4 PC KLUCZ ORIGIN - POLSKA WERSJA PC"
"72,98 zł z dostawą","dostawa dzisiaj do Warszawy","-27%","64,99 zł","33 osoby kupiły","od Super Sprzedawcy","Okładka twarda Rok wydania 2020","Jadłonomia pakiet Marta Dymek"
"61,89 zł z dostawą","","-47%","54,99 zł","2 osoby kupiły","od Super Sprzedawcy","Okładka twarda Rok wydania 2017","Kochaj Regina Brett - w Zestawie z Torbą i Kubkiem"
"darmowa dostawa","","-50%","19,90 zł","33 osoby kupiły","","Okładka miękka Rok wydania 2020","Kurs Amazon FBA - Dla przedsiębiorców - książka"
"67,70 zł z dostawą","kup do 14:00 - dostawa jutro","-40%","58,71 zł","2 osoby kupiły","od Super Sprzedawcy","Okładka miękka Rok wydania 2019","Bajeczno edukacyjny PAKIET dla 3 latka MUST HAVE"
"33,48 zł z dostawą","kup do 12:00 - dostawa jutro","-16%","24,99 zł","21 osób kupiło","od Super Sprzedawcy","Okładka inna (pudełko) Rok wydania 2013 Język hiszpański Przeznaczenie do szkoły podstawowej, do gimnazjum, do liceum, dla dorosłych Zestaw książka + inne","FISZKI - hiszpański - Starter (pre-A1)"
"23,70 zł z dostawą","","-19%","17,00 zł","31 osób kupiło","","","1 x Foto-kalendarz A3+ DUŻE ZDJĘCIA pion i poziom"
"51,32 zł z dostawą","","-30%","43,32 zł","2 osoby kupiły","","Okładka miękka Rok wydania 2019","Bajeczno edukacyjny PAKIET dla 4 latka MUST HAVE"
"70,60 zł z dostawą","dostawa we wtorek","-16%","62,60 zł","","od Super Sprzedawcy","Okładka miękka Rok wydania 2019","MEGA PAKIET Ćwiczę rysuję piszę Część 1-5 NAUKA"
"58,48 zł z dostawą","kup do 12:00 - dostawa jutro","-16%","49,99 zł","18 osób kupiło","od Super Sprzedawcy","Okładka pudełko Rok wydania 2013 Język angielski Przeznaczenie do szkoły podstawowej, do gimnazjum, do liceum, dla dorosłych Zestaw książka + inne","FISZKI - angielski - Słownictwo 1 (A1)"
"43,48 zł z dostawą","kup do 12:00 - dostawa jutro","-12%","34,99 zł","27 osób kupiło","od Super Sprzedawcy","Okładka pudełko Rok wydania 2018 Język angielski Przeznaczenie do szkoły podstawowej, do gimnazjum, do liceum, dla dorosłych Zestaw książka + inne","FISZKI - angielski - Czasowniki frazowe (A1-B2)"
"80,99 zł z dostawą","kup do 12:00 - dostawa jutro","-46%","74,99 zł","10 osób kupiło","od Super Sprzedawcy","Stan Nowy","Poker DUŻY PROFESJONALNY ZESTAW do gry pokera MATA"
"55,97 zł z dostawą","kup do 13:00 - dostawa we wtorek","-40%","47,97 zł","1 osoba kupiła","od Super Sprzedawcy","Okładka twarda Rok wydania 2020","1000 filmów, które tworzą historię kina Prezent"
"22,70 zł z dostawą","","-54%","16,00 zł","26 osób kupiło","","Tematyka ludzie","1 x FOTOKALENDARZ A3+, 13-KART KALENDARZ ŚCIENNY"
